_id,sha256,hora_envio
683248417be48f3e280a835b,b23534190f72cf2a58f9680c636f924f3b33eb2494dbea9e5b5486185c7ac24a,2021-04-15 02:49:35
683248387be48f3e280a830d,2b8bfebd0739603ab9b1e91f733c82dc5360721e7dd874d5ce981954cd9cec73,2021-04-15 02:56:55
6832483f7be48f3e280a834e,91c03c98326178f8d249c03bf7c2082a28e21476dc034d713fa80ed5e22c5059,2021-04-15 03:01:08
683248407be48f3e280a8357,a5d5f1ec779f796358dee5d7c99568c6eafb55bbf49bab7953805fce5c362e61,2021-04-15 03:01:31
683248407be48f3e280a8359,ac671889a1e7308b16271dedf4fe0acfaf88c4b949bca0f1ea75020f42cb2dd2,2021-04-15 03:02:08
683248437be48f3e280a836d,e23f703439996fd3350d75186ef5298ee12e7d9ad027fc92815c043f42bdba60,2021-04-15 03:02:28
6832483d7be48f3e280a8337,5db30ac761cc0f1a7ddda4f13e26c75d2ce885f823b5ab5652fe22480bd53a97,2021-04-15 03:04:46
683248417be48f3e280a835e,b8d77b690d379f27f3a39e41e7cbfbd661e568a122a354444b396944deba7629,2021-04-15 03:06:21
683248347be48f3e280a82e8,0b3b89a0a30cf5186f1b099dedd249dea963654d3ae75785cbb1cf33d016dc9e,2021-04-15 03:06:53
683248437be48f3e280a8370,ede06e1a0ed738bdd993aca12d01e92d860ff8e38c5d2c1d0bd5375d41e868d6,2021-04-15 03:07:04
683248437be48f3e280a8371,f07576abef4e0a419c0bb970b1023c1ddd5f0842cfda365a88bf759488c8d286,2021-04-15 03:09:20
6832483e7be48f3e280a8341,6aab2b8daaf0dfeccb5c4b96e1ff426a0b37b82f7097305ad7580a0baa37784f,2021-04-15 03:10:17
683248337be48f3e280a82de,01b28ec126367043ab4981f455fa5e4773ee2502a5d81f7c2157f271215fdf9a,2021-04-15 03:12:27
683248427be48f3e280a8367,d4cdf343c9d148835b974f89aebb0f5bff3e92d5e0405badabc274bb80636e14,2021-04-15 03:12:36
683248427be48f3e280a8368,da33923e28e25c3af1afb864812353d7eef11475c3cf3c97622f2821f72a735b,2021-04-15 03:12:40
6832483d7be48f3e280a833c,6222cfd7103b7fab1e9e8a58e083c709ddc31315994b25ee5c51603e3729a3a4,2021-04-15 03:12:46
683248407be48f3e280a8355,a2ab1611c5fa609ff679f8e2d15b5cf942215e8dfe3f89d4e9a104c7ca115f25,2021-04-15 03:13:47
683248417be48f3e280a835c,b5ce48238bfe2ee0e0c64c63340ac2da5c0df7d4c1335f47d22e2c7ee5320c95,2021-04-15 03:18:16
683248347be48f3e280a82e7,0b188608b5d7e4793d8ea2a9f039667f25088d89a008ebd401b5b765f7c86511,2021-04-15 03:18:18
6832483c7be48f3e280a8334,50023a6d019ad358c2093be7b3d3e180103422ae2fed88694f3468f14f1c8c4e,2021-04-15 03:19:03
